"","ncessch","year","math_test_pct_prof_midpt","title_i_eligible","teachers_fte_crdc","stud_enrollment","student_teacher_ratio"
"1","090000201136",2011,57,1,75,755,10.0666666666667
"2","090000201136",2015,2.5,1,61,768,12.5901639344262
"3","090000201137",2011,67,1,76,874,11.5
"4","090000201137",2015,12,1,66,784,11.8787878787879
"5","090000201138",2011,62,1,64,618,9.65625
"6","090000201138",2015,12,1,52,636,12.2307692307692
"7","090000201139",2011,67,1,62,569,9.17741935483871
"8","090000201139",2015,17,1,55,505,9.18181818181818
"9","090000201140",2011,32,1,58,521,8.98275862068965
"10","090000201140",2015,2.5,1,53,551,10.3962264150943
"11","090000201141",2011,72,0,47,546,11.6170212765957
"12","090000201141",2015,7.5,0,45,573,12.7333333333333
"13","090000201142",2011,87,0,69,772,11.1884057971014
"14","090000201142",2015,17,0,64,760,11.875
"15","090000201143",2011,92,0,50,540,10.8
"16","090000201143",2015,12,0,51,623,12.2156862745098
"17","090000201144",2011,82,0,59,638,10.8135593220339
"18","090000201144",2015,17,0,55,640,11.6363636363636
"19","090000201145",2011,82,0,55,673,12.2363636363636
"20","090000201145",2015,17,0,52,653,12.5576923076923
"21","090000201147",2011,92,0,59,656,11.1186440677966
"22","090000201147",2015,22,0,55,657,11.9454545454545
"23","090000201148",2011,87,0,61,669,10.9672131147541
"24","090000201148",2015,22,0,58,657,11.3275862068966
"25","090000201149",2011,92,0,68,885,13.0147058823529
"26","090000201149",2015,17,0,62,811,13.0806451612903
"27","090000201150",2011,77,0,57,607,10.6491228070175
"28","090000201150",2015,12,0,50,588,11.76
"29","090000201151",2011,92,0,65,761,11.7076923076923
"30","090000201151",2015,17,0,56,758,13.5357142857143
"31","090000201152",2011,87,0,50,572,11.44
"32","090000201152",2015,27,0,47,496,10.5531914893617
"33","090000400479",2013,75,0,17,48,2.82352941176471
"34","090000401360",2011,24.5,0,30,95,3.16666666666667
"35","090000401360",2012,24.5,0,34.5,87,2.52173913043478
"36","090000401360",2013,15,0,39,115,2.94871794871795
"37","090000401360",2014,10,0,29,100,3.44827586206897
"38","090000501215",2011,82,1,105,1226,11.6761904761905
"39","090000501215",2012,87,1,107,1223,11.4299065420561
"40","090000501215",2014,44.5,1,108,1152,10.6666666666667
"41","090000501215",2015,57,1,107,1153,10.7757009345794
"42","090000501215",2016,62,1,106.5,1137,10.6760563380282
"43","090000501215",2017,57,1,106,1132,10.6792452830189
"44","090001400807",2011,54.5,1,16,165,10.3125
"45","090001400807",2015,5,1,19,186,9.78947368421053
"46","090001400807",2016,24.5,1,19.5,200,10.2564102564103
"47","090001400807",2017,24.5,1,20,202,10.1
"48","090001500809",2011,64.5,1,18,177,9.83333333333333
"49","090001500809",2012,54.5,1,17,176,10.3529411764706
"50","090001500809",2013,44.5,1,16,177,11.0625
"51","090001500809",2014,5,1,16.5,175,10.6060606060606
"52","090001500809",2015,15,1,17,179,10.5294117647059
"53","090001500809",2016,15,1,18.5,181,9.78378378378378
"54","090001500809",2017,15,1,20,179,8.95
"55","090001800834",2011,49.5,1,8,74,9.25
"56","090001800834",2012,49.5,1,9,73,8.11111111111111
"57","090001800834",2013,49.5,1,10,83,8.3
"58","090001800834",2014,10,1,10.5,88,8.38095238095238
"59","090001800834",2015,10,1,11,92,8.36363636363636
"60","090001800834",2016,10,1,11.5,92,8
"61","090001800834",2017,10,1,12,96,8
"62","090003101405",2017,5,1,14,159,11.3571428571429
"63","090006000002",2011,57,0,50,695,13.9
"64","090006000002",2012,57,0,49,631,12.8775510204082
"65","090006010002",2015,22,0,49,597,12.1836734693878
"66","090006010002",2016,17,0,49,616,12.5714285714286
"67","090006010002",2017,22,1,49,567,11.5714285714286
"68","090012000011",2011,97.5,0,88,1114,12.6590909090909
"69","090012000011",2012,97.5,1,86,1083,12.593023255814
"70","090012000011",2014,62,1,84.5,1051,12.4378698224852
"71","090012000011",2015,77,1,85,1038,12.2117647058824
"72","090012000011",2016,77,1,82.5,1024,12.4121212121212
"73","090012000011",2017,77,1,80,1011,12.6375
"74","090021000016",2011,92,0,86,976,11.3488372093023
"75","090021000016",2012,87,1,86,962,11.1860465116279
"76","090021000016",2014,37,1,86,918,10.6744186046512
"77","090021000016",2015,47,1,86,953,11.0813953488372
"78","090021000016",2016,47,1,84.5,891,10.5443786982249
"79","090021000016",2017,57,1,83,904,10.8915662650602
"80","090021801785",2015,24.5,1,10,143,14.3
"81","090027000024",2011,87,1,84,949,11.297619047619
"82","090027000024",2012,82,1,84,959,11.4166666666667
"83","090027000024",2014,37,1,85,889,10.4588235294118
"84","090027000024",2015,57,1,86,897,10.4302325581395
"85","090027000024",2016,47,1,83,871,10.4939759036145
"86","090027000024",2017,42,1,80,896,11.2
"87","090033000029",2011,52,0,62,603,9.7258064516129
"88","090033000029",2012,62,0,61.5,541,8.79674796747967
"89","090033000029",2013,62,0,61,555,9.0983606557377
"90","090033000029",2014,27,0,57.5,538,9.35652173913043
"91","090033000029",2015,17,0,54,516,9.55555555555556
"92","090033000029",2016,17,0,53,534,10.0754716981132
"93","090033000029",2017,22,1,52,520,10
"94","090033001423",2011,69.5,0,9,105,11.6666666666667
"95","090033001615",2017,10,1,24,116,4.83333333333333
"96","090036000037",2011,92,0,32,343,10.71875
"97","090036000037",2015,47,1,32,307,9.59375
"98","090036000037",2016,47,1,32,281,8.78125
"99","090036000037",2017,52,1,32,275,8.59375
"100","090042000039",2011,82,0,97,1064,10.9690721649485
"101","090042000039",2012,82,0,101.5,1049,10.3349753694581
"102","090042000039",2014,22,0,97.5,961,9.85641025641026
"103","090042000039",2015,37,0,89,914,10.2696629213483
"104","090042000039",2016,47,0,84.5,888,10.508875739645
"105","090042000039",2017,42,1,80,852,10.65
"106","090045000050",2011,22,0,80,1073,13.4125
"107","090045000050",2012,22,0,47.5,1178,24.8
"108","090045000050",2013,24.5,0,15,1120,74.6666666666667
"109","090045000050",2014,2.5,0,42.5,1005,23.6470588235294
"110","090045000050",2015,2.5,0,70,951,13.5857142857143
"111","090045000050",2016,2.5,0,70.5,961,13.6312056737589
"112","090045000050",2017,2.5,1,71,970,13.6619718309859
"113","090045000056",2011,45,0,129,2186,16.9457364341085
"114","090045000056",2012,44,0,71.5,2140,29.9300699300699
"115","090045000056",2013,24.5,0,14,1838,131.285714285714
"116","090045000056",2014,9,0,56.5,1672,29.5929203539823
"117","090045000056",2015,12,0,99,1517,15.3232323232323
"118","090045000056",2016,18,0,99.5,1515,15.2261306532663
"119","090045000056",2017,14,1,100,1612,16.12
"120","090045000067",2011,27,0,104,1315,12.6442307692308
"121","090045000067",2012,32,0,58.5,1297,22.1709401709402
"122","090045000067",2014,2.5,0,41,1134,27.6585365853659
"123","090045000067",2015,2.5,0,69,1060,15.3623188405797
"124","090045000067",2016,2.5,0,72,973,13.5138888888889
"125","090045000067",2017,2.5,1,75,967,12.8933333333333
"126","090045001631",2016,2.5,0,21,329,15.6666666666667
"127","090045001631",2017,5,0,22,301,13.6818181818182
"128","090045001633",2015,17,0,26,492,18.9230769230769
"129","090045001633",2016,32,0,28,502,17.9285714285714
"130","090045001633",2017,27,0,30,475,15.8333333333333
"131","090045001636",2015,12,0,28,489,17.4642857142857
"132","090045001636",2016,22,0,28.5,491,17.2280701754386
"133","090045001636",2017,17,0,29,471,16.2413793103448
"134","090045001639",2015,22,0,30,494,16.4666666666667
"135","090045001639",2016,47,0,29.5,499,16.9152542372881
"136","090045001639",2017,42,0,29,475,16.3793103448276
"137","090051000092",2011,87,0,90,1317,14.6333333333333
"138","090051000092",2012,82,0,87.5,1262,14.4228571428571
"139","090051000092",2014,17,0,86.5,1180,13.6416184971098
"140","090051000092",2015,37,0,88,1167,13.2613636363636
"141","090051000092",2016,27,0,89,1147,12.8876404494382
"142","090051000092",2017,37,0,90,1125,12.5
"143","090051000093",2011,86,0,89,1308,14.6966292134831
"144","090051000093",2012,77,0,86,1305,15.1744186046512
"145","090051000093",2014,18,0,83.5,1247,14.9341317365269
"146","090051000093",2015,32,0,84,1221,14.5357142857143
"147","090051000093",2016,37,0,87,1138,13.0804597701149
"148","090051000093",2017,32,0,90,1116,12.4
"149","090054000109",2011,97.5,0,74,966,13.0540540540541
"150","090054000109",2012,92,0,77.5,918,11.8451612903226
"151","090054000109",2014,42,0,74.5,895,12.0134228187919
"152","090054000109",2015,57,0,68,880,12.9411764705882
"153","090054000109",2016,62,0,71,856,12.056338028169
"154","090054000109",2017,57,0,74,862,11.6486486486486
"155","090069000118",2011,97.5,0,46,522,11.3478260869565
"156","090069000118",2012,97.5,0,44.5,511,11.4831460674157
"157","090069000118",2014,52,0,41.5,485,11.6867469879518
"158","090069000118",2015,57,0,40,488,12.2
"159","090069000118",2016,67,0,38.5,496,12.8831168831169
"160","090069000118",2017,62,0,37,498,13.4594594594595
"161","090070000880",2017,27,1,70,344,4.91428571428571
"162","090070001403",2011,52,1,26,246,9.46153846153846
"163","090070001497",2011,72,1,27,400,14.8148148148148
"164","090070001497",2012,82,1,30,423,14.1
"165","090070001497",2014,12,1,31,457,14.741935483871
"166","090070001497",2015,22,1,29,440,15.1724137931034
"167","090070001497",2016,12,1,30.5,469,15.3770491803279
"168","090070001497",2017,22,1,32,446,13.9375
"169","090070001513",2017,57,1,80,426,5.325
"170","090070001532",2016,2.5,1,53,340,6.41509433962264
"171","090070001532",2017,15,1,55,311,5.65454545454545
"172","090070001592",2017,22,1,82,570,6.95121951219512
"173","090070001614",2015,22,1,40,399,9.975
"174","090075000123",2011,92,0,111,1549,13.954954954955
"175","090075000123",2015,63,0,120,1481,12.3416666666667
"176","090075000123",2016,65,0,114.5,1445,12.6200873362445
"177","090075000123",2017,59,0,109,1401,12.8532110091743
"178","090081000134",2011,87,0,49,565,11.530612244898
"179","090081000134",2012,82,0,52.5,579,11.0285714285714
"180","090081000134",2014,22,0,56.5,550,9.73451327433628
"181","090081000134",2015,32,0,57,533,9.35087719298246
"182","090081000134",2016,42,0,53.5,559,10.4485981308411
"183","090081000134",2017,47,0,50,571,11.42
"184","090084000135",2011,87,0,76,983,12.9342105263158
"185","090084000135",2012,87,0,78,937,12.0128205128205
"186","090084000135",2014,32,0,75.5,886,11.7350993377483
"187","090084000135",2015,42,0,71,835,11.7605633802817
"188","090084000135",2016,57,0,70,808,11.5428571428571
"189","090084000135",2017,47,0,69,796,11.536231884058
"190","090096000143",2011,82,0,46,524,11.3913043478261
"191","090096000143",2012,87,0,46.5,511,10.989247311828
"192","090096000143",2014,27,0,48.5,490,10.1030927835052
"193","090096000143",2015,47,0,50,465,9.3
"194","090096000143",2016,57,0,46.5,465,10
"195","090096000143",2017,57,0,43,450,10.4651162790698
"196","090099000145",2011,92,1,49,546,11.1428571428571
"197","090099000145",2015,47,1,47,578,12.2978723404255
"198","090099000145",2016,52,1,49.5,563,11.3737373737374
"199","090099000145",2017,42,1,52,562,10.8076923076923
"200","090102000150",2011,61,0,173,2889,16.6994219653179
"201","090102000150",2012,66,0,182,2887,15.8626373626374
"202","090102000150",2013,57,0,191,2878,15.0680628272251
"203","090102000150",2014,22,0,185.5,2885,15.5525606469003
"204","090102000150",2015,25,0,180,2941,16.3388888888889
"205","090102000150",2016,25,0,185,3041,16.4378378378378
"206","090102000150",2017,22,0,190,3115,16.3947368421053
"207","090102001129",2011,24.5,0,8,92,11.5
"208","090102001129",2012,49.5,0,9,78,8.66666666666667
"209","090102001129",2013,10,0,10,83,8.3
"210","090102001129",2014,24.5,1,10,98,9.8
"211","090102001129",2015,10,1,10,94,9.4
"212","090102001129",2016,10,1,11,83,7.54545454545455
"213","090102001129",2017,10,1,12,88,7.33333333333333
"214","090105000164",2011,96,0,117,1315,11.2393162393162
"215","090105000164",2012,97,0,115,1329,11.5565217391304
"216","090105000164",2014,57,1,107,1365,12.7570093457944
"217","090105000164",2015,84,1,101,1356,13.4257425742574
"218","090105000164",2016,86,1,116.5,1354,11.6223175965665
"219","090105000164",2017,81,1,132,1377,10.4318181818182
"220","090111000175",2011,52,0,28,359,12.8214285714286
"221","090111000175",2012,52,1,31,360,11.6129032258065
"222","090111000175",2014,12,1,34,372,10.9411764705882
"223","090111000175",2015,17,1,34,344,10.1176470588235
"224","090111000175",2016,27,1,32.5,345,10.6153846153846
"225","090111000175",2017,17,1,31,353,11.3870967741935
"226","090117000181",2011,92,0,25,263,10.52
"227","090117000181",2015,42,0,29,264,9.10344827586207
"228","090117000181",2016,64.5,0,32,247,7.71875
"229","090117000181",2017,52,0,35,253,7.22857142857143
"230","090120000185",2011,82,0,40,404,10.1
"231","090120000185",2012,82,0,38.5,399,10.3636363636364
"232","090120000185",2014,27,0,37.5,351,9.36
"233","090120000185",2015,27,0,38,321,8.44736842105263
"234","090120000185",2016,27,0,37,334,9.02702702702703
"235","090120000185",2017,42,0,36,344,9.55555555555556
"236","090123000187",2011,87,1,47,550,11.7021276595745
"237","090123000187",2015,47,0,45,515,11.4444444444444
"238","090123000187",2016,42,1,47,488,10.3829787234043
"239","090123000187",2017,42,1,49,470,9.59183673469388
"240","090126000200",2011,54,0,125,1734,13.872
"241","090126000200",2012,49,0,131,1641,12.5267175572519
"242","090126000200",2013,24.5,0,137,1682,12.2773722627737
"243","090126000200",2014,17,0,138,1674,12.1304347826087
"244","090126000200",2015,20,0,139,1649,11.863309352518
"245","090126000200",2016,23,0,139,1629,11.7194244604317
"246","090126000200",2017,16,0,139,1728,12.431654676259
"247","090126001377",2011,5,0,9,151,16.7777777777778
"248","090126001377",2015,10,0,10,110,11
"249","090126001377",2016,10,0,9,87,9.66666666666667
"250","090126001377",2017,10,0,8,95,11.875
"251","090126001477",2011,95,0,12,188,15.6666666666667
"252","090126001477",2015,34.5,0,16,192,12
"253","090126001477",2016,54.5,0,12,197,16.4166666666667
"254","090126001477",2017,44.5,0,8,187,23.375
"255","090129000216",2011,72,0,74,885,11.9594594594595
"256","090129000216",2015,17,1,71,889,12.5211267605634
"257","090129000216",2016,17,1,75.5,921,12.1986754966887
"258","090129000216",2017,22,1,80,936,11.7
"259","090132000223",2011,92,0,101,1162,11.5049504950495
"260","090132000223",2012,92,0,104.5,1127,10.7846889952153
"261","090132000223",2014,57,0,101.5,1053,10.3743842364532
"262","090132000223",2015,62,0,95,1045,11
"263","090132000223",2016,57,0,97,1019,10.5051546391753
"264","090132000223",2017,52,0,99,1019,10.2929292929293
"265","090135000229",2011,67,0,34,374,11
"266","090135000229",2012,67,0,36,363,10.0833333333333
"267","090135000229",2014,32,0,36.5,332,9.0958904109589
"268","090135000229",2015,32,0,35,324,9.25714285714286
"269","090135000229",2016,37,0,36.5,303,8.3013698630137
"270","090135000229",2017,22,0,38,300,7.89473684210526
"271","090136001507",2011,64.5,1,13,128,9.84615384615385
"272","090136001507",2012,74.5,1,14,138,9.85714285714286
"273","090136001507",2014,10,1,15,141,9.4
"274","090136001507",2015,10,1,15,129,8.6
"275","090136001507",2016,5,1,15,121,8.06666666666667
"276","090136001507",2017,30,1,15,117,7.8
"277","090136001530",2011,34.5,1,10,110,11
"278","090136001530",2015,15,1,17,179,10.5294117647059
"279","090136001530",2016,15,1,16.5,164,9.93939393939394
"280","090136001530",2017,15,1,16,183,11.4375
"281","090144000237",2011,87,0,61,800,13.1147540983607
"282","090144000237",2015,47,0,66,771,11.6818181818182
"283","090144000237",2016,52,0,67.5,778,11.5259259259259
"284","090144000237",2017,52,0,69,770,11.1594202898551
"285","090147000243",2011,82,0,63,744,11.8095238095238
"286","090147000243",2012,82,0,63.5,727,11.4488188976378
"287","090147000243",2013,75,0,64,707,11.046875
"288","090147000243",2014,37,0,61.5,709,11.5284552845528
"289","090147000243",2015,37,0,59,715,12.1186440677966
"290","090147000245",2011,87,0,70,1058,15.1142857142857
"291","090147000245",2015,32,0,69,861,12.4782608695652
"292","090153000256",2011,93,0,116,1353,11.6637931034483
"293","090153000256",2012,89,0,116.5,1418,12.1716738197425
"294","090153000256",2014,34,0,129,1442,11.1782945736434
"295","090153000256",2015,58,0,141,1518,10.7659574468085
"296","090153000256",2016,63,0,134,1498,11.1791044776119
"297","090153000256",2017,50,0,127,1491,11.740157480315
"298","090153001379",2011,91,0,126,1537,12.1984126984127
"299","090153001379",2012,93,0,125.5,1552,12.3665338645418
"300","090153001379",2014,65,0,133.5,1541,11.5430711610487
"301","090153001379",2015,70,0,142,1508,10.6197183098592
"302","090153001379",2016,64,0,134.5,1495,11.1152416356877
"303","090153001379",2017,70,0,127,1510,11.8897637795276
"304","090156000273",2011,94,0,108,1293,11.9722222222222
"305","090156000273",2012,92,0,115.5,1322,11.4458874458874
"306","090156000273",2014,52,0,113.5,1264,11.136563876652
"307","090156000273",2015,62,0,104,1220,11.7307692307692
"308","090156000273",2016,67,0,115,1184,10.295652173913
"309","090156000273",2017,72,0,126,1196,9.49206349206349
"310","090162000283",2011,93,0,151,2204,14.5960264900662
"311","090162000283",2012,94,0,151,2239,14.8278145695364
"312","090162000283",2014,59,0,151.5,2038,13.4521452145215
"313","090162000283",2015,70,0,152,2037,13.4013157894737
"314","090162000283",2016,74,0,147,1991,13.5442176870748
"315","090162000283",2017,68,0,142,1997,14.0633802816901
"316","090168000289",2011,97.5,0,50,756,15.12
"317","090168000289",2015,62,0,55,694,12.6181818181818
"318","090168000289",2016,72,0,54.5,658,12.0733944954128
"319","090168000289",2017,57,0,54,657,12.1666666666667
"320","090171000300",2011,89,0,218,2656,12.1834862385321
"321","090171000300",2012,91,0,215.5,2678,12.4269141531323
"322","090171000300",2014,66,1,212.5,2501,11.7694117647059
"323","090171000300",2015,65,1,212,2534,11.9528301886792
"324","090171000300",2016,62,1,220.5,2625,11.9047619047619
"325","090171000300",2017,68,1,229,2654,11.589519650655
"326","090174000311",2011,72,0,56,652,11.6428571428571
"327","090174000311",2012,82,0,57,624,10.9473684210526
"328","090174000311",2014,22,0,56,571,10.1964285714286
"329","090174000311",2015,32,0,54,565,10.462962962963
"330","090174000311",2016,37,0,53.5,568,10.6168224299065
"331","090174000311",2017,32,0,53,535,10.0943396226415
"332","090177000318",2011,79,0,108,1237,11.4537037037037
"333","090177000318",2012,77,0,103.5,1183,11.4299516908213
"334","090177000318",2013,24.5,0,99,1123,11.3434343434343
"335","090177000318",2014,17,0,95,1089,11.4631578947368
"336","090177000318",2015,37,0,91,1070,11.7582417582418
"337","090177000318",2016,37,0,90.5,1053,11.6353591160221
"338","090177000318",2017,47,0,90,1043,11.5888888888889
"339","090180000332",2011,97.5,0,83,1131,13.6265060240964
"340","090180000332",2012,97.5,0,82,1070,13.0487804878049
"341","090180000332",2014,57,0,79.5,1076,13.5345911949686
"342","090180000332",2015,62,0,78,1083,13.8846153846154
"343","090180000332",2016,62,0,81,1123,13.8641975308642
"344","090180000332",2017,62,0,84,1131,13.4642857142857
"345","090186000339",2011,69,0,148,1851,12.5067567567568
"346","090186000339",2012,66,0,158,1802,11.4050632911392
"347","090186000339",2014,24,0,160,1696,10.6
"348","090186000339",2015,34,0,152,1598,10.5131578947368
"349","090186000339",2016,29,0,149,1557,10.4496644295302
"350","090186000339",2017,30,0,146,1496,10.2465753424658
"351","090192001295",2017,32,1,75,485,6.46666666666667
"352","090192001370",2017,32,1,47,435,9.25531914893617
"353","090192001381",2011,82,1,55,389,7.07272727272727
"354","090192001381",2015,47,1,30,431,14.3666666666667
"355","090192001381",2016,57,1,28,431,15.3928571428571
"356","090192001381",2017,47,1,26,439,16.8846153846154
"357","090192001403",2015,17,1,22,268,12.1818181818182
"358","090192001403",2016,5,1,22,272,12.3636363636364
"359","090192001403",2017,32,1,22,320,14.5454545454545
"360","090192001478",2017,17,1,38,334,8.78947368421053
"361","090192001479",2011,67,1,29,327,11.2758620689655
"362","090192001479",2012,77,1,29,329,11.3448275862069
"363","090192001479",2014,12,1,30,375,12.5
"364","090192001479",2015,22,1,31,419,13.5161290322581
"365","090192001479",2016,27,1,30,421,14.0333333333333
"366","090192001479",2017,22,1,29,432,14.8965517241379
"367","090192001522",2011,32,1,20,297,14.85
"368","090192001522",2012,24.5,1,20.5,244,11.9024390243902
"369","090192001522",2014,5,1,21.5,275,12.7906976744186
"370","090192001522",2015,5,1,22,285,12.9545454545455
"371","090192001522",2016,5,1,16,168,10.5
"372","090192001522",2017,10,1,10,73,7.3
"373","090192001552",2011,24.5,1,24,324,13.5
"374","090192001552",2012,37,1,24.5,377,15.3877551020408
"375","090192001552",2014,2.5,1,22.5,256,11.3777777777778
"376","090192001552",2015,5,1,20,233,11.65
"377","090192001552",2016,5,1,19,236,12.4210526315789
"378","090192001552",2017,5,1,18,219,12.1666666666667
"379","090192001553",2011,24.5,1,27,116,4.2962962962963
"380","090192001559",2011,27,1,28,378,13.5
"381","090192001559",2012,32,1,30,489,16.3
"382","090192001559",2014,5,1,30.5,394,12.9180327868852
"383","090192001559",2015,2.5,1,29,362,12.4827586206897
"384","090192001559",2016,2.5,1,29,383,13.2068965517241
"385","090192001559",2017,2.5,1,29,371,12.7931034482759
"386","090192001562",2011,24.5,1,20,317,15.85
"387","090192001562",2015,5,1,18,207,11.5
"388","090192001562",2016,5,1,17,190,11.1764705882353
"389","090192001562",2017,5,1,16,211,13.1875
"390","090192001572",2015,2.5,1,23,379,16.4782608695652
"391","090192001572",2016,2.5,1,35,688,19.6571428571429
"392","090192001572",2017,2.5,1,47,631,13.4255319148936
"393","090192001574",2011,24.5,1,31,433,13.9677419354839
"394","090192001574",2015,5,1,33,304,9.21212121212121
"395","090192001574",2016,5,1,30.5,346,11.344262295082
"396","090192001574",2017,2.5,1,28,344,12.2857142857143
"397","090192001576",2011,32,1,27,397,14.7037037037037
"398","090192001576",2012,32,1,32.5,533,16.4
"399","090192001576",2014,24.5,1,36.5,388,10.6301369863014
"400","090192001576",2015,2.5,1,35,367,10.4857142857143
"401","090192001576",2016,5,1,31,314,10.1290322580645
"402","090192001576",2017,5,1,27,360,13.3333333333333
"403","090192001650",2015,10,0,4,56,14
"404","090192001650",2016,10,0,4,57,14.25
"405","090192001650",2017,10,0,4,33,8.25
"406","090207000392",2011,67,0,65,822,12.6461538461538
"407","090207000392",2012,72,0,66,893,13.530303030303
"408","090207000392",2013,24.5,0,67,855,12.7611940298507
"409","090207000392",2014,22,0,68,792,11.6470588235294
"410","090207000392",2015,22,0,69,825,11.9565217391304
"411","090207000392",2016,22,0,71,823,11.5915492957746
"412","090207000392",2017,27,0,73,802,10.986301369863
"413","090213000396",2011,77,0,47,445,9.46808510638298
"414","090213000396",2012,82,0,44,423,9.61363636363636
"415","090213000396",2014,37,0,41,381,9.29268292682927
"416","090213000396",2015,52,0,41,377,9.19512195121951
"417","090213000396",2016,47,0,45,364,8.08888888888889
"418","090213000396",2017,42,0,49,352,7.18367346938776
"419","090216000401",2011,92,0,79,934,11.8227848101266
"420","090216000401",2012,92,0,77,961,12.4805194805195
"421","090216000401",2013,75,0,75,933,12.44
"422","090216000401",2014,47,0,74.5,896,12.0268456375839
"423","090216000401",2015,42,0,74,833,11.2567567567568
"424","090216000401",2016,42,0,70.5,798,11.3191489361702
"425","090216000401",2017,52,0,67,759,11.3283582089552
"426","090219001529",2011,24.5,0,2,24,12
"427","090222000406",2011,97.5,0,53,344,6.49056603773585
"428","090222000406",2015,57,0,31,296,9.54838709677419
"429","090222000406",2016,57,0,32,292,9.125
"430","090222000406",2017,42,0,33,285,8.63636363636364
"431","090228000411",2011,99.5,1,100,1257,12.57
"432","090228000411",2012,96,1,105.5,1255,11.8957345971564
"433","090228000411",2013,97.5,1,111,1251,11.2702702702703
"434","090228000411",2014,5,1,100,1229,12.29
"435","090228000411",2015,72,1,89,1164,13.0786516853933
"436","090228000411",2016,72,1,94,1153,12.2659574468085
"437","090228000411",2017,72,1,99,1128,11.3939393939394
"438","090231000424",2011,71,0,172,1779,10.343023255814
"439","090231000424",2012,62,0,171.5,1693,9.87172011661808
"440","090231000424",2014,22,0,153,1526,9.97385620915033
"441","090231000424",2015,21,0,135,1534,11.362962962963
"442","090231000424",2016,23,0,146,1555,10.6506849315068
"443","090231000424",2017,30,0,157,1555,9.90445859872611
"444","090240000441",2011,62,0,91,1258,13.8241758241758
"445","090240000441",2015,17,0,93,1177,12.6559139784946
"446","090240000441",2016,17,0,94,1191,12.6702127659574
"447","090240000441",2017,17,0,95,1134,11.9368421052632
"448","090240000449",2011,57,0,82,1101,13.4268292682927
"449","090240000449",2012,47,0,82.5,1174,14.230303030303
"450","090240000449",2014,12,0,84.5,1097,12.9822485207101
"451","090240000449",2015,17,0,86,1013,11.7790697674419
"452","090240000449",2016,17,0,85,971,11.4235294117647
"453","090240000449",2017,12,0,84,915,10.8928571428571
"454","090249000465",2011,72,0,87,1313,15.0919540229885
"455","090249000465",2012,72,0,93.5,1307,13.9786096256684
"456","090249000465",2014,12,0,103.5,1197,11.5652173913043
"457","090249000465",2015,27,0,107,1202,11.2336448598131
"458","090249000465",2016,37,0,103,1238,12.0194174757282
"459","090249000465",2017,27,0,99,1262,12.7474747474747
"460","090252000472",2011,77,0,78,1016,13.025641025641
"461","090252000472",2012,77,0,71.5,1001,14
"462","090252000472",2014,32,0,73,924,12.6575342465753
"463","090252000472",2015,37,0,81,940,11.6049382716049
"464","090252000472",2016,42,0,85.5,865,10.1169590643275
"465","090252000472",2017,52,0,90,821,9.12222222222222
"466","090252000473",2011,87,0,74,993,13.4189189189189
"467","090252000473",2012,87,0,64.5,1000,15.5038759689922
"468","090252000473",2014,42,0,67.5,919,13.6148148148148
"469","090252000473",2015,37,0,80,920,11.5
"470","090252000473",2016,52,0,85.5,903,10.5614035087719
"471","090252000473",2017,47,0,91,912,10.021978021978
"472","090255000489",2011,92,0,86,1272,14.7906976744186
"473","090255000489",2015,62,0,94,1092,11.6170212765957
"474","090255000489",2016,62,0,93,1051,11.3010752688172
"475","090255000489",2017,57,0,92,1017,11.054347826087
"476","090258000495",2011,77,0,66,772,11.6969696969697
"477","090258000495",2012,77,0,65.5,721,11.0076335877863
"478","090258000495",2014,27,0,69.5,700,10.0719424460432
"479","090258000495",2015,37,0,74,654,8.83783783783784
"480","090258000495",2016,47,0,69,636,9.21739130434783
"481","090258000495",2017,42,0,64,613,9.578125
"482","090264000505",2011,82,0,98,1344,13.7142857142857
"483","090264000505",2012,68,0,99,1299,13.1212121212121
"484","090264000505",2014,27,0,95,1259,13.2526315789474
"485","090264000505",2015,22,0,90,1198,13.3111111111111
"486","090264000505",2016,22,0,94.5,1218,12.8888888888889
"487","090264000505",2017,22,0,99,1226,12.3838383838384
"488","090267000521",2011,44,1,186,2517,13.5322580645161
"489","090267000521",2012,38,1,168,2530,15.0595238095238
"490","090267000521",2014,15,1,150.5,2457,16.3255813953488
"491","090267000521",2015,13,1,151,2460,16.2913907284768
"492","090267000521",2016,12,1,148.5,2198,14.8013468013468
"493","090267000521",2017,13,1,146,2184,14.958904109589
"494","090270000531",2011,96,0,100,1310,13.1
"495","090270000531",2012,96,0,98,1275,13.0102040816327
"496","090270000531",2014,67,0,96,1250,13.0208333333333
"497","090270000531",2015,84,0,96,1251,13.03125
"498","090270000531",2016,81,0,105,1266,12.0571428571429
"499","090270000531",2017,78,0,114,1319,11.5701754385965
"500","090273000537",2011,87,1,84,1003,11.9404761904762
"501","090273000537",2012,87,0,82.5,1010,12.2424242424242
"502","090273000537",2014,17,1,80,933,11.6625
"503","090273000537",2015,47,1,79,904,11.4430379746835
"504","090273000537",2016,42,1,74.5,844,11.3288590604027
"505","090273000537",2017,57,1,70,793,11.3285714285714
"506","090279000148",2011,44.5,0,24,209,8.70833333333333
"507","090279000148",2017,15,0,25,250,10
"508","090279000547",2011,67,0,29,263,9.06896551724138
"509","090279000547",2015,15,0,21,255,12.1428571428571
"510","090279000547",2016,15,0,22,288,13.0909090909091
"511","090279000547",2017,15,0,23,280,12.1739130434783
"512","090279000556",2011,67,0,68,703,10.3382352941176
"513","090279000556",2015,17,0,62,665,10.7258064516129
"514","090279000556",2016,12,0,61,648,10.6229508196721
"515","090279000556",2017,17,0,60,656,10.9333333333333
"516","090279000558",2011,44.5,0,38,274,7.21052631578947
"517","090279000558",2012,44.5,1,36.5,241,6.6027397260274
"518","090279000558",2014,5,1,30.5,282,9.24590163934426
"519","090279000558",2015,15,1,26,251,9.65384615384615
"520","090279000558",2016,5,1,25.5,251,9.84313725490196
"521","090279000558",2017,15,1,25,237,9.48
"522","090279000563",2011,32,0,94,977,10.3936170212766
"523","090279000563",2012,32,0,89,987,11.0898876404494
"524","090279000563",2013,24.5,0,84,981,11.6785714285714
"525","090279000563",2014,2.5,0,79.5,1039,13.0691823899371
"526","090279000563",2015,2.5,0,75,945,12.6
"527","090279000563",2016,7.5,0,79,913,11.5569620253165
"528","090279000563",2017,2.5,0,83,927,11.1686746987952
"529","090279000585",2011,37,0,125,1238,9.904
"530","090279000585",2012,41,0,128,1348,10.53125
"531","090279000585",2013,24.5,0,131,1421,10.8473282442748
"532","090279000585",2014,7.5,0,125.5,1362,10.8525896414343
"533","090279000585",2015,12,0,120,1446,12.05
"534","090279000585",2016,17,0,121.5,1488,12.2469135802469
"535","090279000585",2017,18,0,123,1458,11.8536585365854
"536","090279001207",2011,57,0,63,655,10.3968253968254
"537","090279001207",2015,12,0,52,647,12.4423076923077
"538","090279001207",2016,17,0,51.5,644,12.504854368932
"539","090279001207",2017,12,0,51,630,12.3529411764706
"540","090279001216",2011,87,0,51,337,6.6078431372549
"541","090279001216",2012,82,0,46.5,329,7.0752688172043
"542","090279001216",2014,27,0,41,330,8.04878048780488
"543","090279001216",2015,32,0,40,340,8.5
"544","090279001216",2016,32,0,39,333,8.53846153846154
"545","090279001216",2017,27,0,38,331,8.71052631578947
"546","090279001485",2011,42,0,40,339,8.475
"547","090279001485",2015,12,0,31,403,13
"548","090279001485",2016,17,0,32.5,407,12.5230769230769
"549","090279001485",2017,2.5,0,34,405,11.9117647058824
"550","090279001519",2017,57,0,52,330,6.34615384615385
"551","090282000595",2011,57,0,77,935,12.1428571428571
"552","090282000595",2012,52,0,75,933,12.44
"553","090282000595",2013,57,0,73,881,12.0684931506849
"554","090282000595",2014,22,0,69.5,886,12.7482014388489
"555","090282000595",2015,22,0,66,963,14.5909090909091
"556","090282000595",2016,7.5,0,76,585,7.69736842105263
"557","090282000595",2017,2.5,0,86,633,7.36046511627907
"558","090285000602",2011,84,0,109,1511,13.8623853211009
"559","090285000602",2012,85,0,107,1480,13.8317757009346
"560","090285000602",2014,42,0,116,1398,12.051724137931
"561","090285000602",2015,46,0,127,1345,10.5905511811024
"562","090285000602",2016,52,0,126.5,1366,10.798418972332
"563","090285000602",2017,47,0,126,1353,10.7380952380952
"564","090288000610",2011,85,0,69,1450,21.0144927536232
"565","090288000610",2012,82,0,86,1423,16.546511627907
"566","090288000610",2014,27,0,100,1308,13.08
"567","090288000610",2015,47,0,97,1266,13.0515463917526
"568","090288000610",2016,42,0,92.5,1269,13.7189189189189
"569","090288000610",2017,47,0,88,1287,14.625
"570","090291000615",2011,94,0,132,1740,13.1818181818182
"571","090291000615",2012,93,0,136,1760,12.9411764705882
"572","090291000615",2014,42,0,134,1738,12.9701492537313
"573","090291000615",2015,66,0,128,1679,13.1171875
"574","090291000615",2016,73,0,125,1684,13.472
"575","090291000615",2017,61,0,122,1624,13.3114754098361
"576","090297000621",2011,87,0,53,649,12.2452830188679
"577","090297000621",2012,87,0,58,636,10.9655172413793
"578","090297000621",2014,27,0,62.5,619,9.904
"579","090297000621",2015,37,0,62,579,9.33870967741935
"580","090297000621",2016,37,0,61.5,577,9.38211382113821
"581","090297000621",2017,37,0,61,565,9.26229508196721
"582","090303000631",2011,88,1,92,1186,12.8913043478261
"583","090303000631",2012,82,1,92,1187,12.9021739130435
"584","090303000631",2015,42,1,90,1000,11.1111111111111
"585","090303000631",2016,47,1,91,1015,11.1538461538462
"586","090303000631",2017,47,1,92,998,10.8478260869565
"587","090306000635",2011,84.5,1,25,216,8.64
"588","090306000635",2015,54.5,1,24,189,7.875
"589","090306000635",2017,44.5,1,47,185,3.93617021276596
"590","090309000638",2011,69,0,105,1731,16.4857142857143
"591","090309000638",2012,74,0,110,1657,15.0636363636364
"592","090309000638",2014,17,0,117.5,1675,14.2553191489362
"593","090309000638",2015,31,0,120,1663,13.8583333333333
"594","090309000638",2016,26,0,120,1481,12.3416666666667
"595","090309000638",2017,26,0,120,1526,12.7166666666667
"596","090309000641",2011,24.5,0,12,69,5.75
"597","090309000641",2015,10,0,7,53,7.57142857142857
"598","090309000655",2011,70,0,109,1531,14.045871559633
"599","090309000655",2012,73,0,108.5,1539,14.184331797235
"600","090309000655",2014,14,0,109.5,1575,14.3835616438356
"601","090309000655",2015,28,0,111,1570,14.1441441441441
"602","090309000655",2016,32,0,121,1616,13.3553719008264
"603","090309000655",2017,31,0,131,1682,12.8396946564886
"604","090309001917",2017,52,0,17,284,16.7058823529412
"605","090312001198",2011,49.5,0,5,76,15.2
"606","090318000684",2011,82,0,48,543,11.3125
"607","090318000684",2015,52,0,52,444,8.53846153846154
"608","090318000684",2016,57,0,51,450,8.82352941176471
"609","090318000684",2017,67,0,50,452,9.04
"610","090324001504",2011,82,0,53,584,11.0188679245283
"611","090324001504",2012,92,0,51,589,11.5490196078431
"612","090324001504",2014,42,0,47,575,12.2340425531915
"613","090324001504",2015,42,0,45,592,13.1555555555556
"614","090324001504",2016,62,0,48.5,599,12.3505154639175
"615","090324001504",2017,52,0,52,556,10.6923076923077
"616","090327000695",2011,67,0,66,758,11.4848484848485
"617","090327000695",2012,72,0,62,740,11.9354838709677
"618","090327000695",2013,72,0,58,700,12.0689655172414
"619","090327000695",2014,27,0,58,683,11.7758620689655
"620","090327000695",2015,27,0,58,695,11.9827586206897
"621","090327000695",2016,27,0,55.5,669,12.0540540540541
"622","090327000695",2017,22,0,53,682,12.8679245283019
"623","090330000703",2011,87,0,65,755,11.6153846153846
"624","090330000703",2012,87,0,68,740,10.8823529411765
"625","090330000703",2014,32,0,63.5,715,11.259842519685
"626","090330000703",2015,37,0,56,744,13.2857142857143
"627","090330000703",2016,42,0,56,700,12.5
"628","090330000703",2017,47,0,56,707,12.625
"629","090333001199",2011,82,0,42,508,12.0952380952381
"630","090333001199",2012,82,0,40,490,12.25
"631","090333001199",2014,27,1,41.5,463,11.1566265060241
"632","090333001199",2015,32,1,45,476,10.5777777777778
"633","090333001199",2016,42,1,41.5,493,11.8795180722892
"634","090333001199",2017,37,1,38,447,11.7631578947368
"635","090339000712",2011,87,0,31,360,11.6129032258065
"636","090339000712",2012,87,0,31,374,12.0645161290323
"637","090339000712",2014,44.5,0,32,369,11.53125
"638","090339000712",2015,47,0,33,384,11.6363636363636
"639","090339000712",2016,52,0,36,376,10.4444444444444
"640","090339000712",2017,57,0,39,375,9.61538461538461
"641","090345001581",2012,62,1,24.5,321,13.1020408163265
"642","090345001581",2014,17,0,28,407,14.5357142857143
"643","090345001581",2015,12,0,28,434,15.5
"644","090345001581",2016,17,0,33,454,13.7575757575758
"645","090345001581",2017,22,0,38,486,12.7894736842105
"646","090345001606",2015,52,0,27,271,10.037037037037
"647","090345001606",2016,44.5,0,25,271,10.84
"648","090345001606",2017,62,0,23,271,11.7826086956522
"649","090345001617",2015,54.5,1,5,67,13.4
"650","090345001617",2016,34.5,1,5,67,13.4
"651","090345001617",2017,24.5,1,5,67,13.4
"652","090348000719",2011,52,0,29,299,10.3103448275862
"653","090348000719",2012,72,0,29.5,294,9.96610169491525
"654","090348000719",2014,17,0,28.5,273,9.57894736842105
"655","090348000719",2015,15,0,27,276,10.2222222222222
"656","090348000719",2016,22,0,27,280,10.3703703703704
"657","090348000719",2017,17,0,27,272,10.0740740740741
"658","090351500725",2011,87,0,50,399,7.98
"659","090351500725",2012,87,0,51.5,408,7.92233009708738
"660","090351500725",2014,32,0,54.5,423,7.76146788990826
"661","090351500725",2015,42,0,56,443,7.91071428571429
"662","090351500725",2016,37,0,56.5,437,7.73451327433628
"663","090351500725",2017,32,0,57,409,7.17543859649123
"664","090352000730",2011,92,0,56,822,14.6785714285714
"665","090352000730",2012,92,0,66,801,12.1363636363636
"666","090352000730",2014,57,0,75,777,10.36
"667","090352000730",2015,62,0,74,778,10.5135135135135
"668","090352000730",2016,62,0,64.5,760,11.7829457364341
"669","090352000730",2017,67,0,55,762,13.8545454545455
"670","090353000732",2011,87,1,27,306,11.3333333333333
"671","090353001632",2017,47,1,53,263,4.9622641509434
"672","090353500737",2011,87,1,51,582,11.4117647058824
"673","090353500737",2012,97.5,1,50,577,11.54
"674","090353500737",2014,27,1,48.5,556,11.4639175257732
"675","090353500737",2015,52,1,48,556,11.5833333333333
"676","090353500737",2016,62,1,49,547,11.1632653061224
"677","090353500737",2017,47,1,50,532,10.64
"678","090353600745",2011,92,0,65,817,12.5692307692308
"679","090353600745",2012,87,0,70.5,805,11.4184397163121
"680","090353600745",2014,37,1,76.5,751,9.81699346405229
"681","090353600745",2015,52,1,77,750,9.74025974025974
"682","090353600745",2016,52,1,66.5,722,10.8571428571429
"683","090353600745",2017,47,1,56,710,12.6785714285714
"684","090353700749",2011,95,0,85,1289,15.1647058823529
"685","090353700749",2012,95,0,94,1259,13.3936170212766
"686","090353700749",2014,67,0,104,1203,11.5673076923077
"687","090353700749",2015,62,0,105,1185,11.2857142857143
"688","090353700749",2016,67,1,102,1219,11.9509803921569
"689","090353700749",2017,62,1,99,1197,12.0909090909091
"690","090353801356",2011,82,1,69,742,10.7536231884058
"691","090353801356",2012,87,1,67,720,10.7462686567164
"692","090353801356",2014,32,1,61.5,680,11.0569105691057
"693","090353801356",2015,42,1,58,685,11.8103448275862
"694","090353801356",2016,42,1,58,680,11.7241379310345
"695","090353801356",2017,47,1,58,666,11.4827586206897
"696","090353900759",2011,87,0,56,657,11.7321428571429
"697","090353900759",2012,87,0,58.5,634,10.8376068376068
"698","090353900759",2014,52,0,61,615,10.0819672131148
"699","090353900759",2015,52,0,61,618,10.1311475409836
"700","090353900759",2016,57,0,57.5,643,11.1826086956522
"701","090353900759",2017,57,0,54,673,12.462962962963
"702","090354000763",2011,92,0,41,412,10.0487804878049
"703","090354000763",2012,97.5,0,43.5,421,9.67816091954023
"704","090354000763",2014,52,0,45.5,437,9.6043956043956
"705","090354000763",2015,62,0,45,460,10.2222222222222
"706","090354000763",2016,72,0,47.5,487,10.2526315789474
"707","090354000763",2017,67,0,50,473,9.46
"708","090357000765",2011,64.5,1,29,170,5.86206896551724
"709","090357000765",2012,84.5,1,30.5,156,5.11475409836066
"710","090357000765",2013,74.5,1,32,163,5.09375
"711","090357000765",2014,10,1,31.5,158,5.01587301587302
"712","090357000765",2015,34.5,1,31,152,4.90322580645161
"713","090357000765",2016,54.5,1,30.5,149,4.88524590163934
"714","090357000765",2017,34.5,1,30,136,4.53333333333333
"715","090360000766",2011,87,1,53,463,8.73584905660377
"716","090360000766",2012,82,1,53.5,421,7.86915887850467
"717","090360000766",2014,32,1,62,404,6.51612903225806
"718","090360000766",2015,42,1,70,430,6.14285714285714
"719","090360000766",2016,32,1,51.5,412,8
"720","090360000766",2017,32,1,33,380,11.5151515151515
"721","090363000768",2011,92,1,54,619,11.462962962963
"722","090363000768",2015,47,1,44,600,13.6363636363636
"723","090363000768",2016,52,1,45,606,13.4666666666667
"724","090363000768",2017,47,1,46,587,12.7608695652174
"725","090366000770",2011,95,1,131,1657,12.6488549618321
"726","090366000770",2012,95,1,65.5,1621,24.7480916030534
"727","090366000770",2014,38,1,71,1524,21.4647887323944
"728","090366000770",2015,64,1,142,1486,10.4647887323944
"729","090366000770",2016,68,1,132,1452,11
"730","090366000770",2017,65,1,122,1476,12.0983606557377
"731","090372000771",2011,97.5,1,52,715,13.75
"732","090372000771",2015,57,1,56,719,12.8392857142857
"733","090372000771",2016,67,1,56,705,12.5892857142857
"734","090372000771",2017,72,1,56,704,12.5714285714286
"735","090375000772",2011,90,0,105,1175,11.1904761904762
"736","090375000772",2012,92,0,103.5,1133,10.9468599033816
"737","090375000772",2014,32,0,102,1094,10.7254901960784
"738","090375000772",2015,62,0,102,1023,10.0294117647059
"739","090375000772",2016,72,0,103,1025,9.95145631067961
"740","090375000772",2017,72,0,104,1013,9.74038461538461
"741","090378000773",2011,97.5,1,91,1007,11.0659340659341
"742","090378000773",2012,97.5,1,86.5,1012,11.6994219653179
"743","090378000773",2014,67,1,85,1049,12.3411764705882
"744","090378000773",2015,72,1,88,1008,11.4545454545455
"745","090378000773",2016,72,1,81,952,11.7530864197531
"746","090378000773",2017,72,1,74,893,12.0675675675676
"747","090381000779",2011,98,1,111,1772,15.963963963964
"748","090381000779",2012,96,1,130,1759,13.5307692307692
"749","090381000779",2014,72,1,147.5,1744,11.8237288135593
"750","090381000779",2015,82,1,146,1693,11.5958904109589
"751","090381000779",2016,78,1,143.5,1666,11.609756097561
"752","090381000779",2017,77,1,141,1658,11.758865248227
"753","090384000785",2011,87,0,62,762,12.2903225806452
"754","090384000785",2012,92,1,66,732,11.0909090909091
"755","090384000785",2013,87,1,70,727,10.3857142857143
"756","090384000785",2014,42,1,70,697,9.95714285714286
"757","090384000785",2015,57,1,70,705,10.0714285714286
"758","090384000785",2016,57,1,71,726,10.2253521126761
"759","090384000785",2017,52,1,72,737,10.2361111111111
"760","090399000793",2011,77,0,55,596,10.8363636363636
"761","090399000793",2012,82,0,50,610,12.2
"762","090399000793",2014,22,0,45,648,14.4
"763","090399000793",2015,37,0,45,664,14.7555555555556
"764","090399000793",2016,52,0,46.5,654,14.0645161290323
"765","090399000793",2017,42,0,48,660,13.75
"766","090405000806",2011,89,0,117,1563,13.3589743589744
"767","090405000806",2012,87,1,119.5,1578,13.2050209205021
"768","090405000806",2013,87,1,122,1556,12.7540983606557
"769","090405000806",2014,40,1,121.5,1550,12.7572016460905
"770","090405000806",2015,54,1,121,1513,12.504132231405
"771","090405000806",2016,51,1,115,1481,12.8782608695652
"772","090405000806",2017,49,1,109,1444,13.2477064220183
"773","090411000813",2011,95,1,115,1618,14.0695652173913
"774","090411000813",2012,95,1,126,1559,12.3730158730159
"775","090411000813",2014,73,1,133.5,1450,10.8614232209738
"776","090411000813",2015,72,1,130,1423,10.9461538461538
"777","090411000813",2016,77,1,125.5,1412,11.2509960159363
"778","090411000813",2017,77,1,121,1380,11.404958677686
"779","090414000819",2011,87,0,46,552,12
"780","090414000819",2012,92,1,46,540,11.7391304347826
"781","090414000819",2014,42,0,47.5,474,9.97894736842105
"782","090414000819",2015,52,0,49,478,9.75510204081633
"783","090414000819",2016,52,0,47.5,467,9.83157894736842
"784","090414000819",2017,52,0,46,475,10.3260869565217
"785","090417000826",2011,91,0,114,1458,12.7894736842105
"786","090417000826",2012,91,0,113,1409,12.4690265486726
"787","090417000826",2014,32,0,111,1364,12.2882882882883
"788","090417000826",2015,60,0,110,1318,11.9818181818182
"789","090417000826",2016,59,0,111.5,1326,11.8923766816143
"790","090417000826",2017,52,0,113,1302,11.5221238938053
"791","090423000838",2011,93,0,180,2028,11.2666666666667
"792","090423000838",2012,92,0,177,2037,11.5084745762712
"793","090423000838",2014,45,0,166.5,2012,12.0840840840841
"794","090423000838",2015,53,0,159,1967,12.3710691823899
"795","090423000838",2016,62,0,159.5,2003,12.5579937304075
"796","090423000838",2017,49,0,160,2009,12.55625
"797","090429000845",2011,82,0,38,513,13.5
"798","090429000845",2012,87,0,38,480,12.6315789473684
"799","090429000845",2014,37,0,37.5,414,11.04
"800","090429000845",2015,47,0,37,409,11.0540540540541
"801","090429000845",2016,57,0,38.5,399,10.3636363636364
"802","090429000845",2017,42,0,40,393,9.825
"803","090432000867",2011,65,0,146,1862,12.7534246575342
"804","090432000867",2012,66,0,144,1952,13.5555555555556
"805","090432000867",2014,13,0,136,1790,13.1617647058824
"806","090432000867",2015,28,0,130,1719,13.2230769230769
"807","090432000867",2016,27,0,130,1765,13.5769230769231
"808","090432000867",2017,31,0,130,1689,12.9923076923077
"809","090432000871",2011,67,0,173,2277,13.1618497109827
"810","090432000871",2012,73,0,171.5,2130,12.4198250728863
"811","090432000871",2014,19,0,160,2088,13.05
"812","090432000871",2015,34,0,150,2096,13.9733333333333
"813","090432000871",2016,34,0,152.5,2138,14.0196721311475
"814","090432000871",2017,35,0,155,2061,13.2967741935484
"815","090432001468",2011,82,0,63,692,10.984126984127
"816","090432001468",2015,42,0,56,686,12.25
"817","090432001468",2016,47,0,55.5,666,12
"818","090432001468",2017,47,0,55,652,11.8545454545455
"819","090438000881",2011,87,0,58,772,13.3103448275862
"820","090438000881",2012,92,0,68.5,771,11.2554744525547
"821","090438000881",2014,34.5,0,72,760,10.5555555555556
"822","090438000881",2015,47,0,65,713,10.9692307692308
"823","090438000881",2016,57,0,61.5,686,11.1544715447154
"824","090438000881",2017,47,0,58,694,11.9655172413793
"825","090444000885",2011,84,0,84,1161,13.8214285714286
"826","090444000885",2012,82,0,78.5,1210,15.4140127388535
"827","090444000885",2013,24.5,0,73,1153,15.7945205479452
"828","090444000885",2014,27,0,77,1060,13.7662337662338
"829","090444000885",2015,27,0,81,1047,12.9259259259259
"830","090444000885",2016,32,0,83,1019,12.2771084337349
"831","090444000885",2017,27,0,85,1045,12.2941176470588
"832","090444000897",2011,77,0,69,1083,15.695652173913
"833","090444000897",2012,72,0,70,1074,15.3428571428571
"834","090444000897",2014,32,0,72,969,13.4583333333333
"835","090444000897",2015,32,0,73,947,12.972602739726
"836","090444000897",2016,27,0,77.5,920,11.8709677419355
"837","090444000897",2017,27,0,82,958,11.6829268292683
"838","090447000904",2011,87,0,70,868,12.4
"839","090447000904",2012,92,0,66,860,13.030303030303
"840","090447000904",2014,42,0,66.5,822,12.3609022556391
"841","090447000904",2015,52,0,71,828,11.6619718309859
"842","090447000904",2016,57,0,71,798,11.2394366197183
"843","090447000904",2017,52,0,71,797,11.2253521126761
"844","090450000908",2011,82,0,37,300,8.10810810810811
"845","090450000908",2012,87,0,37.5,270,7.2
"846","090450000908",2013,95,0,38,250,6.57894736842105
"847","090450000908",2014,24.5,0,35,240,6.85714285714286
"848","090450000908",2015,32,0,32,244,7.625
"849","090450000908",2016,54.5,0,36,254,7.05555555555556
"850","090450000908",2017,47,0,40,249,6.225
"851","090453000911",2011,72,0,28,338,12.0714285714286
"852","090453000911",2015,24.5,0,32,274,8.5625
"853","090453000911",2016,27,0,30.5,247,8.0983606557377
"854","090453000911",2017,27,0,29,243,8.37931034482759
"855","090456000914",2011,92,0,64,915,14.296875
"856","090456000914",2015,67,0,66,828,12.5454545454545
"857","090456000914",2016,67,0,63,815,12.9365079365079
"858","090456000914",2017,67,0,60,827,13.7833333333333
"859","090459000924",2011,77,0,90,1113,12.3666666666667
"860","090459000924",2012,67,0,90,1101,12.2333333333333
"861","090459000924",2014,17,0,92.5,1003,10.8432432432432
"862","090459000924",2015,27,0,95,955,10.0526315789474
"863","090459000924",2016,27,0,81.5,897,11.0061349693252
"864","090459000924",2017,22,0,68,884,13
"865","090462000937",2011,92,1,169,2185,12.9289940828402
"866","090462000937",2012,92,1,159.5,2195,13.7617554858934
"867","090462000937",2014,57,0,159,2123,13.3522012578616
"868","090462000937",2015,59,0,168,2151,12.8035714285714
"869","090462000937",2016,65,0,170,2066,12.1529411764706
"870","090462000937",2017,66,0,172,2107,12.25
"871","090468000943",2011,72,0,99,1052,10.6262626262626
"872","090468000943",2012,72,0,97,973,10.0309278350515
"873","090468000943",2014,32,0,88,872,9.90909090909091
"874","090468000943",2015,37,0,81,820,10.1234567901235
"875","090468000943",2016,32,0,82,847,10.3292682926829
"876","090468000943",2017,37,0,83,791,9.53012048192771
"877","090474000955",2011,82,1,77,1128,14.6493506493506
"878","090474000955",2012,87,1,84,1135,13.5119047619048
"879","090474000955",2014,37,1,88,1090,12.3863636363636
"880","090474000955",2015,27,1,85,1073,12.6235294117647
"881","090474000955",2016,37,1,91,1036,11.3846153846154
"882","090474000955",2017,37,1,97,1076,11.0927835051546
"883","090474000956",2011,82,0,62,917,14.7903225806452
"884","090474000956",2012,87,0,64.5,914,14.1705426356589
"885","090474000956",2014,32,0,64,856,13.375
"886","090474000956",2015,42,0,61,849,13.9180327868852
"887","090474000956",2016,42,0,68.5,820,11.970802919708
"888","090474000956",2017,47,0,76,772,10.1578947368421
"889","090483000971",2011,38,1,117,1377,11.7692307692308
"890","090483000971",2012,36,1,123.5,1463,11.8461538461538
"891","090483000971",2013,24.5,1,130,1389,10.6846153846154
"892","090483000971",2014,2.5,1,118.5,1287,10.8607594936709
"893","090483000971",2015,12,1,107,1192,11.1401869158879
"894","090483000971",2016,2.5,1,106,1137,10.7264150943396
"895","090483000971",2017,2.5,1,105,1147,10.9238095238095
"896","090483000979",2011,38,1,102,1414,13.8627450980392
"897","090483000979",2012,40,1,103,1358,13.1844660194175
"898","090483000979",2013,75,1,104,1286,12.3653846153846
"899","090483000979",2014,11,1,104,1304,12.5384615384615
"900","090483000979",2015,7.5,1,104,1301,12.5096153846154
"901","090483000979",2016,12,1,98,1252,12.7755102040816
"902","090483000979",2017,7.5,1,92,1273,13.8369565217391
"903","090483000992",2011,34,1,109,1321,12.1192660550459
"904","090483000992",2012,41,1,95,1329,13.9894736842105
"905","090483000992",2013,24.5,1,81,1292,15.9506172839506
"906","090483000992",2014,2.5,1,94,1236,13.1489361702128
"907","090483000992",2015,2.5,1,107,1172,10.9532710280374
"908","090483000992",2016,2.5,1,97,1076,11.0927835051546
"909","090483000992",2017,2.5,1,87,1072,12.3218390804598
"910","090483001396",2011,67,1,36,467,12.9722222222222
"911","090483001396",2015,17,1,50,488,9.76
"912","090483001396",2016,22,1,49.5,478,9.65656565656566
"913","090483001396",2017,17,1,49,466,9.51020408163265
"914","090483001638",2016,22,1,65,850,13.0769230769231
"915","090483001638",2017,22,1,76,838,11.0263157894737
"916","090486001001",2011,92,1,78,895,11.474358974359
"917","090486001001",2012,92,1,78,844,10.8205128205128
"918","090486001001",2014,32,1,74,827,11.1756756756757
"919","090486001001",2015,42,1,70,818,11.6857142857143
"920","090486001001",2016,42,1,71.5,846,11.8321678321678
"921","090486001001",2017,52,1,73,836,11.4520547945205
"922","090489001008",2011,72,0,73,957,13.1095890410959
"923","090489001008",2012,72,0,71,928,13.0704225352113
"924","090489001008",2014,17,0,71,861,12.1267605633803
"925","090489001008",2015,27,0,73,860,11.7808219178082
"926","090489001008",2016,37,0,70,839,11.9857142857143
"927","090489001008",2017,32,0,67,836,12.4776119402985
"928","090492001013",2011,87,0,96,1451,15.1145833333333
"929","090492001013",2012,81,0,100.5,1542,15.3432835820896
"930","090492001013",2014,47,0,102.5,1493,14.5658536585366
"931","090492001013",2015,55,0,100,1540,15.4
"932","090492001013",2016,61,0,102,1456,14.2745098039216
"933","090492001013",2017,58,0,104,1462,14.0576923076923
"934","090492001015",2011,91,0,94,1531,16.2872340425532
"935","090492001015",2012,90,0,95,1475,15.5263157894737
"936","090492001015",2014,42,0,96.5,1437,14.8911917098446
"937","090492001015",2015,61,0,97,1463,15.0824742268041
"938","090492001015",2016,64,0,104,1447,13.9134615384615
"939","090492001015",2017,67,0,111,1490,13.4234234234234
"940","090495001041",2011,53,0,132,1516,11.4848484848485
"941","090495001041",2012,52,0,135,1590,11.7777777777778
"942","090495001041",2014,6,0,138,1527,11.0652173913043
"943","090495001041",2015,17,0,138,1456,10.5507246376812
"944","090495001041",2016,16,0,124,1428,11.5161290322581
"945","090495001041",2017,19,0,110,1452,13.2
"946","090498001044",2011,92,0,33,296,8.96969696969697
"947","090498001044",2012,92,0,33.5,286,8.53731343283582
"948","090498001044",2015,37,0,36,287,7.97222222222222
"949","090498001044",2016,47,0,34,273,8.02941176470588
"950","090498001044",2017,54.5,0,32,250,7.8125
"951","090501001046",2011,97.5,0,59,755,12.7966101694915
"952","090501001046",2012,97.5,0,59,776,13.1525423728814
"953","090501001046",2014,67,0,63.5,781,12.2992125984252
"954","090501001046",2015,72,0,68,840,12.3529411764706
"955","090501001046",2016,82,0,70,814,11.6285714285714
"956","090501001046",2017,77,0,72,808,11.2222222222222
"957","090504001058",2011,96,1,145,1824,12.5793103448276
"958","090504001058",2012,97,1,141.5,1879,13.2791519434629
"959","090504001058",2013,96,1,138,1834,13.2898550724638
"960","090504001058",2014,62,1,139,1854,13.3381294964029
"961","090504001058",2015,76,1,140,1885,13.4642857142857
"962","090504001058",2016,78,1,152,1853,12.1907894736842
"963","090504001058",2017,79,1,164,1888,11.5121951219512
"964","090507001068",2011,87,0,82,1121,13.6707317073171
"965","090507001068",2012,87,0,85,1157,13.6117647058824
"966","090507001068",2014,22,0,81.5,1178,14.4539877300613
"967","090507001068",2015,47,0,75,1185,15.8
"968","090507001068",2016,44,0,78.5,1152,14.6751592356688
"969","090507001068",2017,37,0,82,1152,14.0487804878049
"970","090513001076",2011,97,0,83,1292,15.566265060241
"971","090513001076",2015,76,0,85,1336,15.7176470588235
"972","090513001076",2016,77,0,98.5,1331,13.51269035533
"973","090513001076",2017,74,0,112,1330,11.875
"974","090519001086",2011,42,1,64,729,11.390625
"975","090519001086",2012,32,0,65.5,673,10.2748091603053
"976","090519001086",2013,32,0,67,624,9.3134328358209
"977","090519001086",2014,12,0,64.5,527,8.17054263565892
"978","090519001086",2015,12,0,62,561,9.04838709677419
"979","090519001086",2016,12,0,59.5,581,9.76470588235294
"980","090519001086",2017,12,0,57,566,9.92982456140351
"981","090522001096",2011,72,0,134,1228,9.16417910447761
"982","090522001096",2012,72,0,123.5,1199,9.7085020242915
"983","090522001096",2013,67,0,113,1140,10.0884955752212
"984","090522001096",2014,17,0,112.5,1116,9.92
"985","090522001096",2015,32,0,112,1096,9.78571428571429
"986","090522001096",2016,37,0,114.5,1138,9.93886462882096
"987","090522001096",2017,32,0,117,1134,9.69230769230769
"988","090525001100",2011,72,0,47,557,11.8510638297872
"989","090525001100",2012,77,0,50,552,11.04
"990","090525001100",2013,24.5,0,53,523,9.86792452830189
"991","090525001100",2014,22,0,52,457,8.78846153846154
"992","090525001100",2015,32,0,51,434,8.50980392156863
"993","090525001100",2016,32,0,49,399,8.14285714285714
"994","090525001100",2017,37,0,47,422,8.97872340425532
"995","090528001107",2011,92,0,67,861,12.8507462686567
"996","090528001107",2012,92,0,70.5,866,12.2836879432624
"997","090528001107",2014,32,0,69.5,773,11.1223021582734
"998","090528001107",2015,47,0,65,800,12.3076923076923
"999","090528001107",2016,47,0,65,788,12.1230769230769
"1000","090528001107",2017,42,1,65,757,11.6461538461538
"1001","090537101221",2014,24,0,169,2318,13.7159763313609
"1002","090537101221",2015,33,0,175,2247,12.84
"1003","090537101221",2016,36,0,173.5,2323,13.3890489913545
"1004","090537101221",2017,35,0,172,2304,13.3953488372093
"1005","090537201222",2011,72,0,45,328,7.28888888888889
"1006","090537201222",2012,72,0,48,317,6.60416666666667
"1007","090537201222",2013,62,0,51,359,7.03921568627451
"1008","090537201222",2014,15,0,50.5,362,7.16831683168317
"1009","090537201222",2015,37,0,50,376,7.52
"1010","090537201222",2016,42,0,51,396,7.76470588235294
"1011","090537201222",2017,42,0,52,393,7.55769230769231
"1012","090537301223",2011,87,0,82,1098,13.390243902439
"1013","090537301223",2012,92,0,80,1055,13.1875
"1014","090537311223",2015,52,0,86,1022,11.8837209302326
"1015","090537311223",2016,52,0,83.5,1065,12.7544910179641
"1016","090537311223",2017,52,0,81,1087,13.4197530864198
